Tone (action index),Log-sandsynlighed
19,-0.3414261
14,-3.5762793e-07
14,0.0
14,0.0
14,0.0
14,0.0
14,0.0
14,0.0
14,0.0
14,0.0
14,0.0
14,0.0
14,0.0
14,0.0
14,0.0
14,0.0
